CustomerID,FirstName,LastName,Email,Phone,City,Country
1,William,Rivers,francisnathan@gomez.com,9947693088746,Reginafort,Spain
2,Eric,Sanders,weissjill@richardson.net,1269633512660,West Amanda,Falkland Islands (Malvinas)
3,Todd,Woods,jonescarl@johnson.org,9686845819402,South Brett,Anguilla
4,Cynthia,Carter,richmondjonathan@huerta.com,6708163424319,Ronniefurt,Papua New Guinea
5,Kristen,Powers,robertthornton@gmail.com,5788598981354,East Seanview,Sudan
6,Erika,Tyler,kevindecker@hughes.com,2667509688439,Hansonborough,Eritrea
7,Michael,Kirby,fnicholson@werner-rodriguez.biz,5545280216317,West Gregoryburgh,Taiwan
8,Joe,Horton,torresmelissa@yahoo.com,6085590075662,Wellsbury,Algeria
9,Alexandria,Duran,mallen@yahoo.com,3621423035797,Rodriguezmouth,Senegal
10,Patricia,Hawkins,rosekaitlin@yahoo.com,5395966959090,Stephanieton,Mali
11,Brett,Mueller,cabreratina@lopez.com,8453357399904,Courtneyburgh,Grenada
12,Terri,Wise,brian55@yahoo.com,7771466036449,Pricefurt,Belgium
13,Craig,Brown,jacobhood@yahoo.com,9296055388266,Shannonview,Russian Federation
14,Julie,Taylor,raustin@gmail.com,3426438563637,Moniquetown,Hong Kong
15,Anthony,Reyes,jonesevan@watson.net,5208837000893,Adamsville,Kyrgyz Republic
16,Jessica,Bailey,oconrad@cooper.com,2699635789184,Carrollbury,Switzerland
17,Edward,Sanchez,woodpeter@murphy.net,8754701790939,Lake Tammyfort,Colombia
18,Kara,Wood,pthompson@hotmail.com,0993531044332,Trevortown,Yemen
19,Shawn,Morris,cassandra79@sosa.com,9187942395228,Millerchester,American Samoa
20,Kara,Santos,carrollmichelle@thompson.com,0349989127775,New Gabriela,Nigeria
21,Chloe,Curtis,yjimenez@hotmail.com,8150936783708,New Robert,Russian Federation
22,Meghan,Gonzalez,nbradshaw@lee-smith.org,0902358732828,West Joseph,Jordan
23,Ashley,Lowery,amoreno@yahoo.com,1431517319084,Watsonmouth,Germany
24,Peter,Howell,flemingkaitlyn@hotmail.com,2544635908754,Larsenport,Colombia
25,Kerri,Anderson,johnnyolson@hotmail.com,0188971960142,New Luke,Madagascar
26,Ryan,Richardson,fuentesjessica@elliott.com,9963251341306,East Richard,Barbados
27,Angel,Ryan,vmurphy@garrett.com,6288580796170,Brownshire,Greenland
28,Melissa,Cruz,rachel82@hotmail.com,4238832858760,West Debra,Eritrea
29,Brenda,Brown,jillchaney@gmail.com,2862243985564,New Brianmouth,Macao
30,Victoria,Young,orozcocynthia@gmail.com,6975885891008,Lake Gabriellaborough,Cayman Islands
31,Logan,Pacheco,randy30@nelson.net,6154533146330,Charlesview,Micronesia
32,David,Bradley,omartinez@yahoo.com,6179307844867,East Laurenhaven,Uganda
33,Carolyn,Lara,mcdowellsheila@holt.biz,8160724580459,Annetteton,Burundi
34,Joan,Conner,zball@singh-barber.com,9996877610202,Clarkstad,South Georgia and the South Sandwich Islands
35,Rebecca,Harris,floreslori@gmail.com,3750580944500,Joshuaborough,Lebanon
36,Christina,Mclaughlin,angela14@gmail.com,9928752570589,Harmonshire,Latvia
37,Elizabeth,Thompson,rebecca29@compton-huber.org,1235635069402,Riveratown,Faroe Islands
38,Diane,Vazquez,bradley31@gmail.com,6452726455223,Hendersonton,Hong Kong
39,Jeremy,White,zstafford@hotmail.com,4346976897720,South Jessica,Romania
40,Samuel,Rodriguez,cookaaron@hotmail.com,0445281239045,West Davidshire,Saudi Arabia
41,Jennifer,Salinas,yjohnson@rose.info,8630179219098,Valentineville,Netherlands Antilles
42,Kayla,Henry,caitlindoyle@yahoo.com,9381838712361,Carterton,Mayotte
43,Melinda,Rogers,daniellepoole@wilcox.com,9935649655447,Ericmouth,Guam
44,Jean,Morales,williamnorris@yahoo.com,9359005197996,Lewisbury,Brunei Darussalam
45,Jessica,Gallagher,samuel53@gmail.com,9910928004198,Port Andrew,Albania
46,Rachel,Lee,alexandracamacho@harrison.com,1872532639151,West Linda,Cameroon
47,Jack,Cox,aliciasalinas@hotmail.com,4792678007507,South Sheila,Netherlands Antilles
48,Kristy,Cole,stevenhanson@yahoo.com,7999783627879,New Tamaraland,Heard Island and McDonald Islands
49,William,Liu,duncananna@hartman.com,9679426486888,Davismouth,Sri Lanka
50,Claudia,Thomas,kristenkeller@gmail.com,8686419575583,Morabury,Cote d'Ivoire
51,Manuel,Smith,ashleyparker@bishop.com,0172868837421,Mccallton,Liberia
52,Carol,Benson,angela01@hotmail.com,8120521519362,Johnburgh,Ecuador
53,Kristin,Fritz,sheilasmith@porter-patterson.com,7390802131734,Guzmanport,Solomon Islands
54,Debra,Beard,turnerkelly@hotmail.com,1488650579665,Andersenmouth,Bulgaria
55,William,Green,morrisonkatie@lyons-hines.com,2702972424912,South Johnmouth,Anguilla
56,Calvin,Bailey,carolinebrennan@yahoo.com,7095026865963,New Richardberg,Grenada
57,Janice,Patel,lmendoza@dean.com,2516218440389,Lake Crystalside,Liechtenstein
58,Robert,Dixon,renee90@gmail.com,6271628060192,West Emilyville,Thailand
59,Cheyenne,Sawyer,wallaceemily@yahoo.com,5994051497648,Dalefort,Kenya
60,Ryan,Brandt,sgriffin@yahoo.com,3005881772554,East Amandafort,Palestinian Territory
61,Manuel,Landry,tommydavid@flowers-blackwell.com,9444261356271,Dillonside,Guernsey
62,Samantha,Blanchard,jason98@gmail.com,5657309702534,North William,Namibia
63,Lauren,Nelson,cardenascarl@hotmail.com,8230877236957,West Brianview,Nepal
64,Karen,Dixon,deleonmargaret@gmail.com,5260649844206,Johnsonburgh,Seychelles
65,Katherine,Bowers,rachelcole@hotmail.com,6301908364564,East Oscar,Palau
66,Jason,Jones,dorothyperez@bender.com,1574023708033,New Mistyborough,Zambia
67,Annette,Rodriguez,cantrellsusan@morgan-peterson.com,5636946735307,Evansfort,Zimbabwe
68,Kristen,Clark,swalton@mills.com,6825567699838,West Bridgetfurt,Honduras
69,Sean,Roman,zbernard@yahoo.com,2733435089358,East Mikeberg,Svalbard & Jan Mayen Islands
70,Jennifer,Miller,william77@yahoo.com,8702172600675,New Kevin,Guatemala
71,Timothy,Wilson,ryankramer@yahoo.com,1475235525302,South Edwin,Bouvet Island (Bouvetoya)
72,Sarah,May,wardchristine@yahoo.com,1029008613182,North Jason,Panama
73,James,Harris,ashleycarr@gmail.com,0411085175226,South Marktown,Angola
74,Gina,Brown,williamsamy@gmail.com,2752358010588,Lake Julia,Equatorial Guinea
75,Juan,Dunn,zavalanicholas@brown.org,4454988539647,Johnville,Colombia
76,Denise,Chang,daniel10@hotmail.com,1398104170630,East Robin,Tokelau
77,Charles,Mclaughlin,stephenboyd@marquez.biz,2202673571336,Rodneyfurt,Svalbard & Jan Mayen Islands
78,Marcus,Nelson,guerraantonio@hotmail.com,1541075861199,West Pamela,Brunei Darussalam
79,William,Clarke,johnsonmichael@yahoo.com,6318187746131,Port Joyce,Poland
80,Sandra,Villanueva,saundersbenjamin@miller.org,5642728875369,Cherylberg,Bermuda
81,Christian,Daugherty,bendermarc@jones.com,5659547178819,East Barbarachester,El Salvador
82,Amanda,Castillo,bowmanvictor@hotmail.com,7739655839457,West Mauriceland,Svalbard & Jan Mayen Islands
83,Pamela,Garcia,sgreen@cardenas.info,7445667329692,West Oscar,Uzbekistan
84,Holly,Gonzalez,williamberg@walters.com,8137385955456,New Dawnstad,French Guiana
85,Kathleen,Dunn,wilsoncharles@yahoo.com,2946636821983,West Juliestad,Ghana
86,Michael,Barnett,john18@yahoo.com,6008202352130,Jeremyville,Ecuador
87,Megan,Ramirez,eugene00@gmail.com,4668654217236,West Richard,Zimbabwe
88,Cory,Martinez,wpatton@chapman.com,6383683241358,Martinborough,Brunei Darussalam
89,Jamie,Gomez,donmorales@gmail.com,6053881391211,Lake Derekfurt,Aruba
90,Rachel,Mcdonald,vstephenson@houston-mendez.info,5443838227854,Port Anthony,Ethiopia
91,Lisa,Long,suesmith@valencia-watson.net,2112875382643,Lake Jean,Saint Pierre and Miquelon
92,Gary,Wagner,ryanmay@gould-matthews.com,7100130776195,North Brandon,Tokelau
93,Matthew,Cohen,gjohnson@yahoo.com,5160995722790,Smithfort,Sri Lanka
94,Stephen,Schmidt,wroman@hotmail.com,1356483659428,Dylanfurt,Switzerland
95,James,Jackson,hwatson@hotmail.com,5677838844048,North James,Netherlands
96,Richard,Allen,kyletownsend@mason-lawson.net,8679012415156,Thomaschester,Sao Tome and Principe
97,Andrea,Coleman,melissa94@hotmail.com,2411995896099,Carrollstad,Spain
98,Larry,Bonilla,james45@li-mathis.biz,5566732053102,Port Isabella,Czech Republic
99,Deborah,Ramirez,owise@yahoo.com,1093287464467,Foxstad,Norway
100,Amanda,Turner,stephensjohnny@beasley.org,1042377390678,Sharontown,Saint Vincent and the Grenadines
101,Susan,Gordon,hannahcruz@werner-mendoza.com,3261652659153,Karenport,Romania
102,Megan,Salazar,jeffrey89@yahoo.com,4702373822075,North Crystal,Bhutan
103,Samantha,Moore,corydavenport@robinson-wilcox.com,0769661840321,Jessicaberg,Aruba
104,Stacey,Morgan,pricebenjamin@gmail.com,9171823047943,Franklinmouth,Iceland
105,Melissa,Carlson,ysmith@yahoo.com,5372129832410,Evansfurt,Australia
106,Patricia,Flynn,phillipbennett@gmail.com,9990447836136,Shawborough,Korea
107,Sara,Lopez,williamyates@yahoo.com,5866986159542,Port Kimberly,Czech Republic
108,Kevin,Rubio,heathermurray@hotmail.com,8176603031886,East Amandaport,Hong Kong
109,Maria,Garrison,martinjill@hotmail.com,3542827167489,North Yvonne,Northern Mariana Islands
110,Brian,Horn,sarah07@townsend.info,1701328937790,Port David,British Indian Ocean Territory (Chagos Archipelago)
111,Ryan,Oliver,andersonheather@gmail.com,6506843652947,Hansonshire,Montenegro
112,Nicholas,Lawrence,cannonjamie@duke.org,3269325626841,Mariafort,Mauritius
113,Jeff,Mccarthy,zmoore@taylor.com,0805198652852,Angelamouth,Greenland
114,Tyler,Johnson,sara22@bradford.com,7234757477706,South Bryanshire,Tanzania
115,Bernard,Munoz,sarahacevedo@cole.com,0813803143780,Lake Michaelview,Tajikistan
116,Roy,Smith,scott39@hotmail.com,0882581982544,South Heidiburgh,Korea
117,Anna,Flores,tina75@williams.biz,0830060126345,Tonyamouth,Eritrea
118,Nathan,Alvarez,jenkinslogan@flores.com,4823317044307,Port Jose,South Georgia and the South Sandwich Islands
119,Richard,Carter,bradley72@scott.com,6813196712002,Lake Jenny,Malawi
120,Jose,Morton,robertsnicole@paul.com,2514920499846,East Raymondborough,Reunion
121,Bryan,Gonzalez,william46@yahoo.com,8034445228017,Lake Stephaniefurt,Pitcairn Islands
122,Kelly,Haas,vhenry@hotmail.com,0948483026211,South Tyler,Comoros
123,Stacy,Hudson,stacygray@jackson.com,8475865147132,Lake Paul,Kuwait
124,Mary,Torres,vgibson@hotmail.com,4370003900985,North Jamesville,Cyprus
125,Joshua,Stewart,jasonstrickland@morris.com,2011288987077,Kleinfurt,Hungary
126,Geoffrey,King,jonathonsmith@stuart.info,4040313162613,Rojaschester,Armenia
127,Martha,Powers,mcdonaldshawn@roberts-kane.com,3015587398818,North Carolchester,Antigua and Barbuda
128,Kenneth,Knight,ycooper@lewis.com,8867584172058,Chadfurt,Yemen
129,Kerry,Pacheco,louis32@king.com,9375710258012,East Jamesside,Cyprus
130,Mark,Parker,stevenjennings@gmail.com,3173269012842,Deanmouth,Mauritius
131,Patricia,Fitzpatrick,penadestiny@hotmail.com,2813812388956,East Michael,Djibouti
132,Sarah,Chaney,ryan45@richardson.info,5517290927655,East Amandaville,Switzerland
133,Chloe,Terry,jasonlara@gmail.com,6565896279234,Davisville,Fiji
134,Arthur,Schwartz,fgilbert@yahoo.com,9152804197695,South Anthony,Argentina
135,Julia,Fields,rubiojacob@gmail.com,0007212921422,New Markstad,Iran
136,Jonathan,Sanchez,youngdenise@gmail.com,8284425854625,North Amandaland,Ghana
137,Laura,Oneill,christine11@hotmail.com,4188065579003,Thomasfort,Libyan Arab Jamahiriya
138,Caleb,Tyler,xvasquez@hotmail.com,1337419763697,New Nicole,Palestinian Territory
139,Bradley,Cruz,daltonrichards@yahoo.com,2336027448556,West Julie,Dominican Republic
140,Cole,Edwards,donald88@wilson-smith.com,6257709235839,Port Heatherland,Montenegro
141,Douglas,Acevedo,jamesjackson@gmail.com,7883502852084,Seanville,Saint Martin
142,Steven,Ayala,richardball@gmail.com,0807027490791,Mendozaberg,Rwanda
143,Thomas,Thomas,kristen27@hotmail.com,7299881928688,East Lisastad,Algeria
144,Brandy,Pena,rstewart@stewart-heath.com,1903855194015,Mejiachester,Haiti
145,Mark,Howe,taylor24@walker-berry.com,4171648171839,Bowmanburgh,Poland
146,Eric,Brady,harveyjennifer@davis-spencer.info,5961250038876,Ellisview,Zimbabwe
147,Kevin,Richardson,patrickcastillo@yahoo.com,8445163159728,Cherylmouth,Chile
148,Kimberly,Reese,jasminedavis@lee.info,8950074978514,Travisland,Singapore
149,Thomas,Reyes,dbeck@gmail.com,0692508483344,Jillhaven,Anguilla
150,Robert,Chambers,dchan@gmail.com,7396167299294,Jacobmouth,Swaziland
151,Brandy,Norman,patrick83@yahoo.com,3415157611909,Vasquezmouth,Belarus
152,Ross,Gross,iruiz@marquez.com,6646538538476,Lake Amyberg,Syrian Arab Republic
153,Meghan,Cabrera,charlesmaldonado@yahoo.com,5476280731386,Port Sarahburgh,Saint Kitts and Nevis
154,Cody,Herman,josephbaker@hotmail.com,4709324873969,New Matthewmouth,Uzbekistan
155,Ronald,Estrada,tinasmith@hotmail.com,2020131381250,Adamchester,Mauritania
156,Shannon,Mitchell,april90@thomas.com,2664882147568,Tylerside,Iraq
157,Jasmine,West,ravenbell@yahoo.com,2812302770111,Port Lawrenceville,Mauritania
158,Tamara,Henry,petergarrett@gmail.com,0586718339039,North Rachel,Guinea
159,Nicole,Hill,millerjustin@johnson.org,8820026656846,Murrayhaven,Kenya
160,Kristen,Fisher,rwhite@gmail.com,5923817273721,Maloneview,Guernsey
161,Randall,Flores,alyons@parker-brooks.info,5155241337394,Claytonside,Gibraltar
162,Marcus,Johnson,taylorjohn@gmail.com,3901752109756,New Adamview,Czech Republic
163,Jessica,Ellis,irosales@white-carlson.com,4729670215071,Mckinneyberg,Timor-Leste
164,Marc,Lin,kevin75@hotmail.com,2067984625131,Zacharyside,Faroe Islands
165,Sandra,Anderson,jmarshall@hotmail.com,3447541638691,Lake Carolmouth,Switzerland
166,Christine,Bailey,robertprice@grant.com,5065806005876,Lake Noahburgh,Haiti
167,Devin,Moore,markwalker@yahoo.com,2336077838514,West Joshuahaven,United Kingdom
168,Derrick,Sanchez,benjaminwebster@hotmail.com,6841367443114,Tracyhaven,Cambodia
169,Gregory,Davis,samantha25@hotmail.com,2797483984866,Greenmouth,Equatorial Guinea
170,Elizabeth,Lee,darrendunn@gmail.com,6710640111445,New Christopher,Latvia
171,Valerie,Stafford,lauren03@gmail.com,6552846083716,North Kenneth,South Georgia and the South Sandwich Islands
172,Christopher,Perry,kendraroman@heath.org,7480647188332,Sheilaland,Ireland
173,Benjamin,Chavez,priceanne@collins-rivera.com,5811557346741,Adammouth,Andorra
174,James,Turner,tamarasimpson@andrews-stewart.net,6569120254218,West Donna,Saint Pierre and Miquelon
175,Rebecca,Johnson,hillmelissa@holmes-rios.com,7630991128756,New April,Tanzania
176,Cameron,Hurst,crystal53@day.biz,7155094902475,Fowlerburgh,Israel
177,Vickie,Cole,william34@hotmail.com,9542275647313,Aliciamouth,Macedonia
178,Lisa,Wood,jeremiahcochran@gmail.com,9954592426642,Ayalaberg,British Virgin Islands
179,Cameron,Williams,pattonchristopher@yahoo.com,6326966269907,Morganfurt,Luxembourg
180,Rebecca,Weber,sheila93@gmail.com,4937932674584,Loriside,Jordan
181,Anthony,Allen,wudeborah@henry-harper.net,2777788621340,New Kevinland,Taiwan
182,Benjamin,Flores,brownsarah@hotmail.com,5363588398322,Port Shawnside,Hungary
183,Brenda,George,agregory@owens.net,2359666736927,Lake Lindsayland,Saint Lucia
184,James,Murray,williamanderson@stephens.biz,5790735654905,West Patrick,Saint Lucia
185,Walter,Gates,grodriguez@yahoo.com,2844071945466,East Jillfurt,Kiribati
186,Nicholas,Odonnell,wendymay@allen.org,5444658357616,Port Steven,Benin
187,Denise,Wilson,jermaine45@yahoo.com,7737419612689,New Tammy,Oman
188,Lisa,Murray,raymond47@hayes-cruz.net,3538290564684,Port Heather,Montenegro
189,Justin,Walters,laurawebb@hotmail.com,2292342879162,Rothburgh,Zimbabwe
190,Todd,Flores,jerry48@gordon-miller.com,5966603035330,Ronaldton,Kyrgyz Republic
191,Justin,Young,parkercharles@gmail.com,3192550689005,Lake Michaelmouth,Niue
192,Connor,Hernandez,anthony39@bridges-thomas.com,0294101860340,Rogersville,Micronesia
193,Scott,Bowman,austin22@gmail.com,7862537091014,North Jason,Serbia
194,Joel,Roberts,hchan@ross.info,9527047075786,West Christopherburgh,Tajikistan
195,David,Brown,cassandrarobertson@montgomery.com,7140010371323,South Tinafort,Guadeloupe
196,Lisa,Browning,barrettdonald@hotmail.com,1715848052537,Watsonberg,Maldives
197,William,Nichols,crystal02@phillips.biz,0115501273658,South Mary,Turkmenistan
198,Christopher,Dyer,kariperry@lewis.org,0374621718813,Jenniferland,Morocco
199,Stephen,Johnson,ryan52@hotmail.com,4858464216952,Hartmanside,Pitcairn Islands
200,Randy,Thomas,david82@schultz.com,0656779905246,Monroefort,Isle of Man
201,Jennifer,Smith,jeffreyware@hines.com,5646768407383,Saraburgh,Gambia
202,John,White,calebphillips@hotmail.com,2357142228989,Matthewstad,Latvia
203,Joseph,Shepherd,arielmartinez@tate-williams.com,9453049627678,South Andrew,French Southern Territories
204,James,Meza,thomasmartinez@gmail.com,1482735838173,Martintown,Moldova
205,Deanna,Levy,xcohen@downs.info,4688197961352,Hullfort,South Georgia and the South Sandwich Islands
206,James,York,jonathan44@hotmail.com,4001793809906,Scottland,San Marino
207,Colton,King,jefferyfreeman@hammond-byrd.info,6071218663904,West Amyberg,Macedonia
208,Scott,Robertson,david14@harrison.com,9236328583947,Johnsonburgh,Reunion
209,Nicole,Hughes,lindsay51@hotmail.com,5707994531300,Kingville,Belize
210,Vickie,Hooper,evansmichelle@gmail.com,1660222150786,West Billy,Myanmar
211,Tracy,Kramer,twoods@hotmail.com,7580207282818,East Laurenburgh,Finland
212,Caleb,Hill,williampacheco@yahoo.com,4253425266526,Josephview,Sri Lanka
213,Jose,Douglas,xsimpson@gmail.com,4577302556848,Tylerbury,Moldova
214,Julie,Figueroa,urodriguez@kemp-maddox.com,0790120250854,Kimberlytown,Nigeria
215,Lauren,Lane,alexishernandez@porter.org,7303832007398,Port Darrell,Finland
216,Julia,Jacobson,wongnancy@hotmail.com,9771879337382,Monicahaven,Benin
217,Katie,Hernandez,johnsonsierra@yahoo.com,2114830007754,Whitemouth,Burkina Faso
218,Michael,Owen,haileybarnett@hamilton.com,2897409209653,West Rebecca,Congo
219,Joanna,Campbell,bradcarter@hotmail.com,8839416476080,North Andrewshire,Mayotte
220,Brittney,Brown,brian38@hotmail.com,4314201651764,Thomasland,Antigua and Barbuda
221,Jason,Martinez,james31@hotmail.com,2602000347133,North Samanthashire,Australia
222,Brianna,May,gmueller@yahoo.com,8725914556954,Leonport,Vietnam
223,Rhonda,Patel,mark37@moreno.com,0925620307068,North Jessicabury,Ireland
224,Kyle,Pratt,angelicajackson@castro.com,4003082081499,West Michelle,Anguilla
225,Evan,Doyle,erincoffey@yahoo.com,5826065543752,Port Barbaraland,Andorra
226,Andrea,Melton,lisaholt@yahoo.com,6538124899201,Lake Kiaraside,Saint Barthelemy
227,Michelle,Hopkins,robin34@spence.com,2583341315899,Anthonyhaven,Philippines
228,Benjamin,Moreno,mharris@miller.com,8752926648003,East Scott,Turks and Caicos Islands
229,Marcus,Carey,shawn56@gmail.com,2635314766425,Jenkinsfurt,Monaco
230,Julia,Allen,peterdavis@yahoo.com,0520784526794,Joeside,South Africa
231,Cheryl,Hernandez,michael08@hotmail.com,1572001457026,Port Todd,Kazakhstan
232,Matthew,York,rachael75@ford.biz,1537633124888,Jenniferfort,Sao Tome and Principe
233,Ashley,Fisher,parkermichael@smith.com,1873110365897,North Andrefort,Norfolk Island
234,Lori,Lopez,patriciasummers@yahoo.com,9264129969900,Avilafurt,Antarctica (the territory South of 60 deg S)
235,Raymond,Mcdonald,edward76@spencer-hughes.com,2917340440350,Nathanville,Vietnam
236,David,Aguilar,gordonhannah@gmail.com,2800193044810,New Sheilaland,Sweden
237,Mary,Hardy,hillpaul@york.info,1012901518998,West Peggyland,Netherlands
238,Jonathan,Taylor,brandysmith@williams.info,4429330043348,Ramirezton,Lithuania
239,Hannah,Williams,matthewtaylor@shields.com,4050895754904,South Michaelland,Nauru
240,Kara,Murphy,caseybowman@hotmail.com,4175950792226,Lisabury,Honduras
241,Daisy,Fuller,wgilbert@hotmail.com,1542490209718,Morganview,New Zealand
242,Wayne,Bell,roseallen@hotmail.com,0780178870310,Mcknightton,Wallis and Futuna
243,Sara,Green,zachary51@smith-watson.com,7276787576664,North Douglasland,Comoros
244,Joshua,Carr,stephanieevans@hotmail.com,8513327708357,Port Mitchell,Marshall Islands
245,Natalie,Moore,patricia08@gmail.com,2460370527767,Jamesbury,Myanmar
246,Scott,Foley,gomezjoseph@deleon-woods.net,1785369252696,Rogerburgh,New Caledonia
247,Aaron,Montgomery,rwiggins@bowers.com,3621937670249,New Andrew,Denmark
248,Mallory,Cardenas,russellbrandy@yahoo.com,8121294678874,Lisafort,Macao
249,Monica,Andrade,mariamcmillan@hotmail.com,6407444477532,East Williamshire,Finland
250,Ellen,Lee,lopezjames@yahoo.com,4310252533367,Port Margaret,Tajikistan
251,Samantha,Smith,melissa22@vega.com,1012085351177,West Lisaport,Singapore
252,Laura,Buckley,amandaburgess@yahoo.com,8901102333612,Stephaniemouth,Poland
253,Bradley,Shaw,velasquezdorothy@yahoo.com,7302875508825,East Joshuahaven,South Georgia and the South Sandwich Islands
254,Brianna,Bennett,jacksonjohn@gmail.com,4008322687633,Courtneyton,Central African Republic
255,Patrick,Valenzuela,robertjordan@gmail.com,4505147771835,North Stephanie,Gabon
256,Megan,Camacho,andreajennings@yahoo.com,3085505382615,Anthonyfort,Argentina
257,Daniel,Smith,shane44@berg.com,8966001948357,West Nicolemouth,Venezuela
258,Elizabeth,Butler,shirley57@hotmail.com,1345387896277,Randolphmouth,Zimbabwe
259,Leslie,Robertson,elaine97@hotmail.com,8909581453324,Manueltown,Yemen
260,Brandi,Farmer,ashley03@hotmail.com,7708173839649,New Stevenside,Mongolia
261,Kyle,Wright,gbarnett@hotmail.com,3154527748577,Morganmouth,Malawi
262,William,Oliver,joshuamiller@willis-hudson.net,2951499146500,New Matthew,Georgia
263,Jessica,Wells,hamiltonsamuel@hotmail.com,5456002383845,Lake Christopher,India
264,Michelle,Smith,lisataylor@goodwin.com,7173024700335,Faithview,Norfolk Island
265,Shawn,Padilla,mitchelljennifer@berger.com,6052383448672,Murrayside,Zambia
266,Brian,Garcia,lawrencehayden@stein-hall.biz,7508151850277,Sarahmouth,Turkey
267,Debra,Burton,laurie64@cole.com,7054978808324,Port Rebeccaport,Albania
268,Darren,Moore,amandaellis@yahoo.com,2449660341443,South Debra,Maldives
269,Melvin,Brock,nicole68@simpson-benson.com,0977106467582,North Jessica,Mongolia
270,Helen,Lucas,emontgomery@yahoo.com,3315217847169,Gibbsville,Cyprus
271,Deanna,Dyer,nancy39@yahoo.com,2483470940711,New Katelyn,Turks and Caicos Islands
272,Jeff,Moss,glowe@moyer.net,1987352318806,Randallland,Slovakia (Slovak Republic)
273,Heather,Johnson,ufields@smith.net,5825657183374,Lake Katelyn,Israel
274,Anthony,Cantu,smithwilliam@yahoo.com,7544065538008,Elliottborough,Cyprus
275,Christopher,Miller,paul14@nelson-arnold.biz,9243351310237,Cameronhaven,Korea
276,Gary,Lee,jefferyjones@yahoo.com,9125506851649,South David,Saint Barthelemy
277,Amy,Jackson,martha70@reynolds.biz,5030149416340,Boltonchester,Senegal
278,Craig,Martin,rfranklin@alvarez.net,6894260199000,Perezport,Korea
279,Robert,Barnett,danielwright@hotmail.com,7496503428903,New Stevenshire,Iraq
280,Lori,Anderson,qanthony@dickson-fox.net,5949580915328,North Jeff,Bahamas
281,Chris,Richards,brittany58@hotmail.com,9305948348479,Tamarafort,Oman
282,Sandra,Miller,mary85@smith-thompson.com,4381965886024,Teresashire,Mauritania
283,Michael,Miller,anthonyford@gmail.com,8157067436723,Catherinefurt,Burundi
284,James,Thomas,ncarr@smith.com,4495166743625,South Catherine,Lithuania
285,Janet,Fowler,gregoryrichard@howard.biz,1786751126343,Coopermouth,Sao Tome and Principe
286,Jorge,Bender,beckymoses@martinez.com,6823762216926,New Charles,Russian Federation
287,Karen,Mitchell,gregoryjon@hotmail.com,4670748848287,Lambertfurt,New Caledonia
288,Sara,Anderson,jeffreyriley@maldonado.com,9188228709675,East Amberbury,Gibraltar
289,Anna,Jones,shelbyrichardson@rogers.info,4001140133917,Patelstad,Yemen
290,Jason,Diaz,huangjohn@garcia.com,2568287010429,Willisshire,Jersey
291,Stephanie,Dunn,andrew15@hotmail.com,4595863038791,West Stephanie,Niue
292,Andrea,Wagner,powerssharon@yahoo.com,7175910162671,Elizabethchester,United States Minor Outlying Islands
293,Nichole,Grimes,denise60@gmail.com,8196044456114,Elizabethchester,Indonesia
294,Nathaniel,Torres,anthonyflores@dickson.com,9450949414220,South Micheal,Ghana
295,Michelle,Martin,mackkrystal@yahoo.com,6150669211374,Lake Stefaniebury,Saint Pierre and Miquelon
296,Carol,Jones,paulbailey@hoffman.biz,9377740620181,Bellland,Taiwan
297,Jodi,Griffin,joseph69@smith.com,8155456356230,Harperstad,India
298,Megan,Garner,dmurray@hotmail.com,1483101079200,Nicholasburgh,Burkina Faso
299,Joy,Mcguire,alyssagibbs@roberts-hall.info,9476238353118,West Annaton,Marshall Islands
300,Michael,Aguirre,john61@yahoo.com,4842534916344,Andreaville,Korea
301,Sue,Vasquez,jpeterson@yahoo.com,3889656648748,Baileyfurt,Swaziland
302,Shawn,Martinez,belljoseph@yahoo.com,6874304480729,Ericksonview,Lao People's Democratic Republic
303,Tina,Ford,mariamann@hotmail.com,4369429068074,Gentryberg,Eritrea
304,Tanner,Branch,stephenobrien@gmail.com,4081211331409,Port Joannatown,Rwanda
305,James,Lucas,adamtaylor@yahoo.com,7450477996916,Port Leslie,Ethiopia
306,Ryan,Blevins,jennifer39@yahoo.com,8477690038312,Brianberg,Indonesia
307,Kathryn,Rodriguez,moraleshenry@jones.com,0906654086483,Jefferyhaven,Tuvalu
308,Diane,Lowe,johnsonamy@simmons.com,5152528765612,Christinaburgh,Anguilla
309,George,White,ostewart@smith.com,6071707848224,Port Joshua,Cape Verde
310,Michael,Galloway,adamsaaron@steele.com,6148609502981,West Nathan,Montserrat
311,Joshua,Phillips,michael58@fox-nichols.net,1455401344011,Patriciafurt,Saint Lucia
312,Jeffery,Johnson,qcarey@fisher.com,3960664994662,Myerstown,Seychelles
313,Walter,Ramirez,sydney92@yahoo.com,2797412948965,New Jamieton,Ghana
314,Michael,Hardin,gregory55@yahoo.com,8366387455267,South Jacqueline,Brunei Darussalam
315,Philip,Tucker,tdaniels@hotmail.com,2671912189186,Nicolasberg,Maldives
316,Michele,Frost,travis79@fowler.biz,9127771928448,Aprilside,Bangladesh
317,Brian,Johnson,mauricejohnson@hotmail.com,0787604896125,Turnerstad,Benin
318,Nicole,Serrano,fernandoarias@hotmail.com,2848713625332,Thomastown,Bolivia
319,Seth,Christensen,mallorymendez@valdez.com,4407620850962,Port Alyssa,Peru
320,Joshua,Thomas,bruce74@jackson-roberson.com,7191056660192,Port Paulfurt,Burkina Faso
321,Teresa,Parker,whitney32@perry.net,8292387204294,Webermouth,Northern Mariana Islands
322,Kelly,Beck,davideaton@haley-ramirez.com,8186049107445,Youngburgh,Russian Federation
323,Kelly,Jackson,mitchellchristopher@huang-nguyen.org,3448067227026,New Matthewstad,Western Sahara
324,Matthew,Gutierrez,amystewart@gmail.com,3695666864339,Nelsonmouth,Dominica
325,Dominic,Watson,jeffrey44@rios-chan.com,4183193237203,Perryville,British Indian Ocean Territory (Chagos Archipelago)
326,Stephen,King,zacharybailey@liu.com,5300508764424,Port Margaret,Heard Island and McDonald Islands
327,Michael,Waller,asmith@hotmail.com,4880129142890,Murillohaven,Portugal
328,Todd,Mercado,mauriceobrien@hotmail.com,1490261037372,Palmerville,Cape Verde
329,Monica,Moreno,connerdavid@hotmail.com,0499718243537,New Tracyport,Saint Vincent and the Grenadines
330,Rachel,Fisher,veronica76@gmail.com,7874910064514,South Kellyhaven,Jersey
331,Caitlin,Juarez,whitakerjason@george-wiggins.org,9154287478886,Harrishaven,Portugal
332,Grant,Woodard,petersennancy@yahoo.com,2561403887763,Sherryside,Moldova
333,Donna,Sullivan,sandra04@hotmail.com,9761258610288,Scottborough,South Georgia and the South Sandwich Islands
334,Julie,Meyer,levyjames@johnson.biz,4521879552410,West Cindy,Honduras
335,Christopher,Bailey,pwilkinson@hotmail.com,1065369114519,Evanston,Botswana
336,Kayla,Nunez,caroline64@huber.com,3924130708243,South Robertland,Saint Lucia
337,Phillip,Gutierrez,thompsonronald@hotmail.com,8796541422297,New Peggyburgh,Congo
338,Brenda,Carroll,skinnerashley@gomez-anderson.com,5758462827598,Amandaville,Malta
339,Eric,Williams,rodrigueztracy@hotmail.com,8345681623574,North Joseborough,Tanzania
340,Anthony,Kelley,woodlance@campbell-goodman.com,6029985868819,Port Amyborough,Macedonia
341,Daniel,Peterson,nicole71@hotmail.com,5713844239377,Torresview,Philippines
342,Kristy,Washington,garciatara@yahoo.com,5799502615603,Lake Rebeccaburgh,Dominica
343,Kim,Wilson,andersonpatricia@hotmail.com,0290232970289,Matthewshire,Cocos (Keeling) Islands
344,Heather,Klein,franciscofranklin@rogers.com,3424126174609,Port Stephanie,Cook Islands
345,Matthew,James,hawkinskara@kane-stewart.com,5362935377023,Donaldberg,Dominica
346,Laura,Wright,fieldskevin@hotmail.com,5687511165672,Robinhaven,Armenia
347,Misty,Barnett,joshuasimmons@english.net,7166946735947,Amberside,Greenland
348,Amanda,Shaw,jason03@hotmail.com,6169039231873,New Tracyview,Argentina
349,Michael,Moreno,rebecca16@hanna.com,0258595299474,Markland,Saint Vincent and the Grenadines
350,Melissa,Peterson,balllarry@figueroa.org,6164429414045,Colehaven,Saint Kitts and Nevis
351,Kelsey,Berg,wujessica@ramirez.com,9176781874577,Lake Tina,Pakistan
352,Robert,Sanchez,hbyrd@weaver-martin.net,9363619646510,Sanchezfort,Peru
353,Marie,Beltran,mlucero@hawkins.com,9451857646890,South Marthaport,Comoros
354,Crystal,Spears,melissa44@yahoo.com,8020751311471,Chandlerchester,Somalia
355,Timothy,Thomas,johnsonterri@gmail.com,4755089516739,Paulaburgh,Faroe Islands
356,Bethany,Adams,mitchellsara@gmail.com,2826694888882,Wileyfurt,Mali
357,Allison,Barton,vegarebecca@yahoo.com,0357317614854,Meganmouth,Turkmenistan
358,John,Molina,kaitlin78@carr.com,0821911267775,Dianetown,American Samoa
359,Rachael,Sanchez,richardlozano@hotmail.com,6875655457285,Brittanystad,Bulgaria
360,Andrew,Olson,kennethgarcia@anderson.com,0755832328897,Justinmouth,Cameroon
361,Daniel,Luna,sancheztimothy@gmail.com,8134118178854,Port Brittanyton,Argentina
362,Sara,Patel,julie68@gmail.com,9413132914842,North Julie,South Africa
363,Ashley,Ramirez,johnsonkristina@cunningham-jones.org,5153937975812,East Anthonyland,Holy See (Vatican City State)
364,Thomas,Scott,christopherbailey@yahoo.com,7753514203550,Michealtown,Saint Lucia
365,Vanessa,Kane,norrisstephanie@hotmail.com,0786674374897,Howemouth,Micronesia
366,Tiffany,Harrison,cassandra40@sandoval.com,3688967452686,North Kelseyborough,New Caledonia
367,Leslie,Brock,chapmangeorge@rodriguez.info,7305862031134,Bergerbury,Tokelau
368,Eduardo,Avila,jeremy66@hotmail.com,9956496025171,Donaldfurt,Iceland
369,Donna,Thomas,michael25@tucker-kim.com,3269346009922,Marcusmouth,Morocco
370,Jordan,Warner,jacqueline98@hotmail.com,3290489646520,Jessicaton,Romania
371,Erika,Richards,brucebrent@adams.com,7772838310384,East Charles,Poland
372,Brianna,Lee,kellyrebecca@hernandez.com,4795042665936,North Valerie,Tunisia
373,Robert,Glover,mark09@hotmail.com,8192964239559,Smithmouth,Bermuda
374,Charles,Reynolds,whitakergary@gmail.com,9635926726215,Lake Allisonborough,Latvia
375,Rebecca,Martinez,briana02@nelson.com,5676643312416,Blackview,Malta
376,Kevin,Robinson,dyertrevor@gmail.com,8265857995660,South Steve,Tuvalu
377,Jill,Roberts,kristenvega@smith.info,8050219001941,Hinesborough,Pakistan
378,Robert,Buchanan,williamsedgar@gmail.com,0884196616845,North Allisonfort,Canada
379,Stephanie,Miller,schultzalex@hotmail.com,7304722369064,East Stevebury,Croatia
380,Amanda,Terry,harringtonjennifer@duran.net,0828942655796,Timothymouth,Singapore
381,Robert,Woodard,justin26@gmail.com,6146362142789,West Erika,India
382,Joanne,Smith,michaelferguson@fernandez.biz,1636366948980,Michaelberg,Nicaragua
383,Regina,Washington,larryrivera@hotmail.com,0446603438380,Port Brendachester,Fiji
384,Robert,Patterson,annthompson@yahoo.com,7010445852942,Lake Stacyburgh,Mauritius
385,Chloe,Andrews,ecarter@hotmail.com,0605537736405,South Kristinastad,Pitcairn Islands
386,Ashley,Scott,tiffanyhood@hotmail.com,9175844794844,Portershire,Iceland
387,Mark,Chase,michael88@barrera.com,1135566109314,Carrollfurt,British Indian Ocean Territory (Chagos Archipelago)
388,Jonathan,Sanders,gfuller@gmail.com,9971884369491,Kimside,Mali
389,Debra,Carlson,marylozano@yahoo.com,7018788479034,West Jane,Djibouti
390,Julie,Hansen,cpeters@brock-gray.com,0379591490043,New Kelly,Montserrat
391,Monica,Winters,david33@yahoo.com,9557499610973,West Kyleland,Saint Vincent and the Grenadines
392,Melody,Mosley,wilsonkevin@yahoo.com,9311401902118,Stevenstad,Faroe Islands
393,Samantha,Patrick,brandi58@yahoo.com,9921671690460,East Heatherton,Niger
394,Jonathan,Burke,summerswanda@fletcher-sandoval.info,4810702837885,Merrittbury,Suriname
395,James,Parker,kelleyjames@goodwin-brown.net,5387729419011,Riverachester,Tokelau
396,Richard,Villanueva,crystal06@matthews.com,7678608044063,West Christopher,Philippines
397,Ann,Jones,mckayjulian@hotmail.com,3151447373143,Lake James,Libyan Arab Jamahiriya
398,Kimberly,Smith,benjaminsmith@yahoo.com,0618672561986,Lake Casey,Mongolia
399,Zachary,Dougherty,laura13@yahoo.com,4623888567838,East Philiptown,China
400,Krystal,Porter,aromero@whitaker.info,2458468604748,Michellefort,Guatemala
401,Timothy,Swanson,dsingh@rios-lewis.org,9755350366505,Millston,Norway
402,Crystal,Jones,shannon67@foster-chapman.com,8373050616783,West Brent,Swaziland
403,Raymond,Gomez,alexa04@gmail.com,6535866341860,Lake Michelleborough,Palau
404,James,Woodward,zwalker@brewer-boone.net,6427310917130,Port Steven,Norfolk Island
405,Christine,Walker,baxterrobert@brown.com,3370063274514,Matthewton,Uzbekistan
406,Lynn,Thomas,rodgerszachary@rodriguez.com,4157247517857,Elliston,Gabon
407,Jose,Hansen,peggysteele@hotmail.com,2923876216239,East Lisa,Mali
408,Susan,Jacobs,simpsondavid@yahoo.com,3731609538372,Brandonmouth,Malta
409,Leslie,Kennedy,jaimefrench@hotmail.com,1201571741348,New Vincent,Paraguay
410,Jacob,Avila,silvaalexis@gibson-hamilton.biz,8030299811860,North Kevin,Australia
411,Gina,Reed,foxashley@lewis-cox.com,8605114947275,East Jennifer,Burundi
412,Tiffany,Marks,owatts@yahoo.com,6941320477830,New Frank,Lithuania
413,Cody,Wyatt,cmeyers@yahoo.com,4354556851289,Scottport,Uruguay
414,Kelly,Vasquez,qadams@dawson.com,0515493577367,New Timothy,Thailand
415,Samuel,Mcgee,michelle62@yahoo.com,6517705135038,West Mariobury,Netherlands Antilles
416,Crystal,Simmons,brightashley@hotmail.com,3270070093351,Woodardside,Costa Rica
417,David,Johnson,matthewalexander@orozco-henry.com,6861492996996,West Sara,Anguilla
418,Amanda,Dixon,jimwilson@gmail.com,7143614245735,Dannychester,Suriname
419,Anthony,Miller,joneslaura@willis-nelson.com,6809479904516,Johnsontown,China
420,Carrie,Hernandez,qespinoza@gmail.com,9559558077064,Michaelside,Turkmenistan
421,Benjamin,White,michelle76@washington-dalton.com,8727964028650,Port Mollyburgh,Sao Tome and Principe
422,Andrew,Washington,ndavis@yahoo.com,2430196608170,Martinton,Christmas Island
423,Diane,Daniels,anthonymejia@lewis-garcia.biz,9793150399154,Michaeltown,Guyana
424,Donald,Allen,mossamber@curtis.com,2717230795141,East Michaelfurt,Mayotte
425,Eric,Warner,hicksallen@thompson.net,6199544452744,Shafferberg,Turkmenistan
426,Laura,Leach,dawnthompson@yahoo.com,6590241802030,North Victoria,Cote d'Ivoire
427,Joshua,Romero,brownjennifer@yahoo.com,5783208035939,East David,Moldova
428,Peter,Espinoza,ydrake@perkins-nelson.com,1492875858581,Lewisville,Montserrat
429,Julie,Fry,vdowns@dennis.org,0110729593238,North Nicholastown,Western Sahara
430,Stephanie,Stewart,morganolivia@roberts-tran.biz,4151710712644,Rhondastad,Lesotho
431,Kimberly,Walker,williamsmelanie@boone-cline.org,7335819383859,New Bryan,Singapore
432,Lori,White,williamsnoah@campbell-perez.info,1555028979317,Port Veronicaburgh,Myanmar
433,Spencer,Edwards,marquezrandy@yahoo.com,6290315504012,New Jamie,Reunion
434,Erin,Kim,melissagoodman@walker-schultz.com,3183410745953,East Christopher,Guyana
435,Lauren,Moore,nathansalas@hotmail.com,9075144377722,Lake Chelseafort,Angola
436,Chad,Nichols,rdowns@kelley.org,0027403876056,Rosschester,Cameroon
437,Jamie,Oconnor,johnmartin@scott.com,7487672058439,Davidhaven,Guam
438,Holly,Lindsey,michaelwhite@hotmail.com,0831342121986,Floresberg,Senegal
439,Joseph,Mccarthy,omoreno@solis.com,3687638521973,Port Douglaston,Papua New Guinea
440,Mark,Marks,hayespaul@bennett.com,3463649155491,Port Carolton,Denmark
441,Olivia,Moore,hendersonmegan@yahoo.com,3087209123077,Wallacemouth,Philippines
442,Robert,Hall,jennifermartin@stephens-moore.biz,1687034719787,North Tinahaven,Lithuania
443,Ernest,Chase,sguzman@hotmail.com,0134441760938,South Virginiaton,Oman
444,Michael,Moss,travis84@hotmail.com,3550253403748,Carmenport,Montserrat
445,Sarah,Lee,williamsronald@casey.com,7397134895548,Princemouth,Afghanistan
446,Jennifer,Scott,baileyrebecca@parker-powers.org,7982371248911,Walterton,Trinidad and Tobago
447,Leslie,Reynolds,brian94@bailey-zamora.com,7557076040570,Tylerfort,Mozambique
448,Mark,Erickson,amy03@gmail.com,0222504965702,Lake Robinborough,Ecuador
449,Jessica,Petty,ashleydavies@gross.net,9102348094669,Lake Richardmouth,Sao Tome and Principe
450,Christopher,Hawkins,ggrant@clark-norris.info,9462683649598,Maureenmouth,Singapore
451,Kim,Hawkins,haydenallen@hotmail.com,7152373302154,Nancyburgh,Slovakia (Slovak Republic)
452,Brent,Smith,barbara22@stewart.com,5130524751978,Jesseton,Morocco
453,Dominic,Brooks,vfernandez@fox.com,5091807223333,New Danielmouth,Kazakhstan
454,Vicki,Hicks,floresariana@yahoo.com,5047336808091,Marshallchester,Ecuador
455,Patrick,Campbell,hernandeztheresa@oliver-kim.com,9224993799249,Lake Monicaburgh,Iraq
456,Brooke,Gardner,acampbell@hotmail.com,3486902038834,New Carlosfort,Saudi Arabia
457,Diane,Reynolds,hayneserin@gates.com,7003074858255,North Kyle,Kiribati
458,Gregory,Smith,jenniferhoward@edwards-taylor.org,0104056523273,North Haileymouth,Philippines
459,Kathleen,Mendez,joshuabaker@gmail.com,6719261691189,Morganport,Cote d'Ivoire
460,Kevin,Hunt,richard39@gmail.com,6496244762766,Cuevasview,Iraq
461,Michele,Bush,virginiashelton@hotmail.com,2218824706176,West Thomas,Colombia
462,Cynthia,Sanders,joshua44@khan.com,1555316828115,Port Eileen,Iceland
463,Andrew,Graham,rileysamantha@banks-cunningham.info,1978923795884,West Carrieborough,Papua New Guinea
464,Michelle,Wall,umcdonald@allen-wells.biz,4461422545035,Port Justinland,Yemen
465,Jennifer,Lang,lindarogers@hotmail.com,1083829062105,Lake Patricia,Zambia
466,Alison,Garza,stephenoconnell@gmail.com,7630990187263,Nicoleville,Mali
467,Charles,Smith,briannguyen@yahoo.com,3930419059511,Jenkinsville,Vanuatu
468,Jesse,Huff,martintricia@chen-ramirez.com,0252888880920,Johnathanside,Paraguay
469,Alejandro,Rodriguez,tbrewer@gmail.com,6340743449211,Codyfurt,Norway
470,Patricia,Flowers,watsoncraig@hendricks.biz,2527095499100,West Karentown,Uganda
471,Christopher,Mendez,nicolechang@yahoo.com,1076137403619,Kristenfurt,Cayman Islands
472,Megan,Turner,courtneymoore@ortiz.com,6260515235541,Kaylaport,Tanzania
473,Gary,Kidd,mjoseph@andrews.info,9539632008557,New Sheila,French Southern Territories
474,Sandra,Walker,ynewman@gmail.com,4289998870157,Port Trevor,China
475,Amanda,Berry,james44@love.com,2560343142778,New Stephanieport,Moldova
476,Heather,Kim,marshalltina@hotmail.com,9906367702263,Webbchester,Nigeria
477,David,Baker,donna21@strickland.biz,6441893348834,North William,South Georgia and the South Sandwich Islands
478,Ryan,Hall,gamblegregory@yahoo.com,9836964584038,Jacksonfort,Cyprus
479,Ryan,Valencia,singletonbryan@gonzalez.com,4208000063517,Davidstad,Norfolk Island
480,Christine,Carson,nancy71@hotmail.com,6462546420058,North Rebeccastad,Bahamas
481,Roger,Ewing,johnathan83@gmail.com,2729262191284,Jessicaland,Congo
482,Hannah,Greene,qgriffith@yahoo.com,9154297377957,East Nicholaschester,Finland
483,Christopher,Lynch,holmesdavid@gmail.com,7658169806168,Whiteside,Mexico
484,Edward,Huffman,jonesjenna@garcia.com,9512635427611,Josephside,New Zealand
485,Jorge,Hernandez,howardmartin@yahoo.com,0883162285534,Port Monica,Sudan
486,Melissa,Ware,shernandez@gmail.com,1484331865297,Robertshaven,Singapore
487,Thomas,Green,dgregory@hotmail.com,5619475542270,Port Michael,Bolivia
488,Roger,Smith,wfinley@evans.com,3455715898413,Millerchester,Suriname
489,Tommy,Clark,markford@hotmail.com,9334845525290,Salinasside,New Zealand
490,Leah,Reynolds,kevinmccoy@sharp.biz,0045584400730,Richardfurt,Central African Republic
491,Claudia,Byrd,sellersrebecca@thomas.biz,9717668238075,Port Andrewberg,Egypt
492,Pamela,Adams,carloshuber@gmail.com,8356390873373,North Brianburgh,Serbia
493,Jennifer,Webb,wcummings@wright.com,6710125107572,West Michael,Bahrain
494,William,Hernandez,greg02@gmail.com,3483360207114,Randyfurt,Japan
495,Eric,Stephenson,aconrad@hotmail.com,2600491953013,East Anitaside,Egypt
496,Cole,Holmes,floresanthony@mcguire-harris.com,6773946830501,Mcdowellburgh,Chad
497,Marcus,Olson,anthony59@gmail.com,0557723225342,East Johnfort,Italy
498,Lauren,Pena,ymaddox@yahoo.com,5670685844494,Reyesborough,Denmark
499,Brian,Oliver,kennedygary@hotmail.com,7761484344488,Port Tracimouth,Anguilla
500,Veronica,Hernandez,wagnerjacqueline@yahoo.com,0713126892834,Leahberg,Serbia
